fecha,peso_a_dolar
2012-01-01 00:00:00,0.0716794451
2012-01-02 00:00:00,0.0717773708
2012-01-03 00:00:00,0.0724557799
2012-01-04 00:00:00,0.0727738715
2012-01-05 00:00:00,0.0728925244
2012-01-06 00:00:00,0.0728155616
2012-01-07 00:00:00,0.0728155616
2012-01-08 00:00:00,0.0728155616
2012-01-09 00:00:00,0.0727667724
2012-01-10 00:00:00,0.073691781
2012-01-11 00:00:00,0.0732063916
2012-01-12 00:00:00,0.0736248808
2012-01-13 00:00:00,0.073828064
2012-01-14 00:00:00,0.073828064
2012-01-15 00:00:00,0.073828064
2012-01-16 00:00:00,0.0738144762
2012-01-17 00:00:00,0.074239179
2012-01-18 00:00:00,0.0748089111
2012-01-19 00:00:00,0.075361456
2012-01-20 00:00:00,0.0753410259
2012-01-21 00:00:00,0.0753410259
2012-01-22 00:00:00,0.0753410259
2012-01-23 00:00:00,0.07628921570000001
2012-01-24 00:00:00,0.0756142238
2012-01-25 00:00:00,0.0759966412
2012-01-26 00:00:00,0.0773767828
2012-01-27 00:00:00,0.0773217101
2012-01-28 00:00:00,0.0773217101
2012-01-29 00:00:00,0.0773217101
2012-01-30 00:00:00,0.07692623650000001
2012-01-31 00:00:00,0.0773993444
2012-02-01 00:00:00,0.0771966625
2012-02-02 00:00:00,0.0774472112
2012-02-03 00:00:00,0.077911775
2012-02-04 00:00:00,0.077911775
2012-02-05 00:00:00,0.077911775
2012-02-06 00:00:00,0.0786103058
2012-02-07 00:00:00,0.0787090114
2012-02-08 00:00:00,0.0789029436
2012-02-09 00:00:00,0.0787367049
2012-02-10 00:00:00,0.07806775070000001
2012-02-11 00:00:00,0.07806775070000001
2012-02-12 00:00:00,0.07806775070000001
2012-02-13 00:00:00,0.0787035937
2012-02-14 00:00:00,0.07849623879999999
2012-02-15 00:00:00,0.078443591
2012-02-16 00:00:00,0.0772044175
2012-02-17 00:00:00,0.078179863
2012-02-18 00:00:00,0.078179863
2012-02-19 00:00:00,0.078179863
2012-02-20 00:00:00,0.0788207194
2012-02-21 00:00:00,0.07856862719999999
2012-02-22 00:00:00,0.0780047758
2012-02-23 00:00:00,0.0782956278
2012-02-24 00:00:00,0.0780103068
2012-02-25 00:00:00,0.0780103068
2012-02-26 00:00:00,0.0780103068
2012-02-27 00:00:00,0.0773474918
2012-02-28 00:00:00,0.0779120001
2012-02-29 00:00:00,0.0781801581
2012-03-01 00:00:00,0.0780153898
2012-03-02 00:00:00,0.078356395
2012-03-03 00:00:00,0.078356395
2012-03-04 00:00:00,0.078356395
2012-03-05 00:00:00,0.078166574
2012-03-06 00:00:00,0.0774713009
2012-03-07 00:00:00,0.0770368979
2012-03-08 00:00:00,0.0781188241
2012-03-09 00:00:00,0.0787710498
2012-03-10 00:00:00,0.0787710498
2012-03-11 00:00:00,0.0787710498
2012-03-12 00:00:00,0.0788022585
2012-03-13 00:00:00,0.078864239
2012-03-14 00:00:00,0.07938061
2012-03-15 00:00:00,0.07891524030000001
2012-03-16 00:00:00,0.0791550996
2012-03-17 00:00:00,0.0791550996
2012-03-18 00:00:00,0.0791550996
2012-03-19 00:00:00,0.07882511610000001
2012-03-20 00:00:00,0.0787089772
2012-03-21 00:00:00,0.0789825731
2012-03-22 00:00:00,0.07807663570000001
2012-03-23 00:00:00,0.0778089855
2012-03-24 00:00:00,0.0778089855
2012-03-25 00:00:00,0.0778089855
2012-03-26 00:00:00,0.07876828150000001
2012-03-27 00:00:00,0.0789953905
2012-03-28 00:00:00,0.07858468610000001
2012-03-29 00:00:00,0.0780820709
2012-03-30 00:00:00,0.07846224339999999
2012-03-31 00:00:00,0.07846224339999999
2012-04-01 00:00:00,0.07846224339999999
2012-04-02 00:00:00,0.07823522849999999
2012-04-03 00:00:00,0.07851149519999999
2012-04-04 00:00:00,0.0778877497
2012-04-05 00:00:00,0.07767290360000001
2012-04-06 00:00:00,0.07767290360000001
2012-04-07 00:00:00,0.07767290360000001
2012-04-08 00:00:00,0.07767290360000001
2012-04-09 00:00:00,0.07767290360000001
2012-04-10 00:00:00,0.07683384110000001
2012-04-11 00:00:00,0.0761001223
2012-04-12 00:00:00,0.0764158397
2012-04-13 00:00:00,0.0764805454
2012-04-14 00:00:00,0.0764805454
2012-04-15 00:00:00,0.0764805454
2012-04-16 00:00:00,0.075532538
2012-04-17 00:00:00,0.076004607
2012-04-18 00:00:00,0.0762253518
2012-04-19 00:00:00,0.0757510854
2012-04-20 00:00:00,0.0760455397
2012-04-21 00:00:00,0.0760455397
2012-04-22 00:00:00,0.0760455397
2012-04-23 00:00:00,0.07584079839999999
2012-04-24 00:00:00,0.0761411629
2012-04-25 00:00:00,0.0761323871
2012-04-26 00:00:00,0.0760168658
2012-04-27 00:00:00,0.0760457804
2012-04-28 00:00:00,0.0760457804
2012-04-29 00:00:00,0.0760457804
2012-04-30 00:00:00,0.0770212692
2012-05-01 00:00:00,0.0770212692
2012-05-02 00:00:00,0.0773098458
2012-05-03 00:00:00,0.0771609838
2012-05-04 00:00:00,0.0769438097
2012-05-05 00:00:00,0.0769438097
2012-05-06 00:00:00,0.0769438097
2012-05-07 00:00:00,0.0758438082
2012-05-08 00:00:00,0.0757809364
2012-05-09 00:00:00,0.074009304
2012-05-10 00:00:00,0.0744880777
2012-05-11 00:00:00,0.0739593749
2012-05-12 00:00:00,0.0739593749
2012-05-13 00:00:00,0.0739593749
2012-05-14 00:00:00,0.0732600524
2012-05-15 00:00:00,0.07312323849999999
2012-05-16 00:00:00,0.0724375597
2012-05-17 00:00:00,0.07233794980000001
2012-05-18 00:00:00,0.0727367332
2012-05-19 00:00:00,0.0727367332
2012-05-20 00:00:00,0.0727367332
2012-05-21 00:00:00,0.0724860145
2012-05-22 00:00:00,0.0731024453
2012-05-23 00:00:00,0.0715767928
2012-05-24 00:00:00,0.0715820797
2012-05-25 00:00:00,0.07142328519999999
2012-05-26 00:00:00,0.07142328519999999
2012-05-27 00:00:00,0.07142328519999999
2012-05-28 00:00:00,0.0717360279
2012-05-29 00:00:00,0.0717876695
2012-05-30 00:00:00,0.0715370281
2012-05-31 00:00:00,0.0706063849
2012-06-01 00:00:00,0.06917885900000001
2012-06-02 00:00:00,0.06917885900000001
2012-06-03 00:00:00,0.06917885900000001
2012-06-04 00:00:00,0.0702591856
2012-06-05 00:00:00,0.070318467
2012-06-06 00:00:00,0.07049689440000001
2012-06-07 00:00:00,0.0717512547
2012-06-08 00:00:00,0.0707592947
2012-06-09 00:00:00,0.0707592947
2012-06-10 00:00:00,0.0707592947
2012-06-11 00:00:00,0.0717874761
2012-06-12 00:00:00,0.07109360769999999
2012-06-13 00:00:00,0.0715811356
2012-06-14 00:00:00,0.0711996324
2012-06-15 00:00:00,0.07183921160000001
2012-06-16 00:00:00,0.07183921160000001
2012-06-17 00:00:00,0.07183921160000001
2012-06-18 00:00:00,0.0718319481
2012-06-19 00:00:00,0.0727483411
2012-06-20 00:00:00,0.0730467582
2012-06-21 00:00:00,0.07307900839999999
2012-06-22 00:00:00,0.0720980243
2012-06-23 00:00:00,0.0720980243
2012-06-24 00:00:00,0.0720980243
2012-06-25 00:00:00,0.0718390639
2012-06-26 00:00:00,0.0717741889
2012-06-27 00:00:00,0.0728506206
2012-06-28 00:00:00,0.0733889651
2012-06-29 00:00:00,0.0746051969
2012-06-30 00:00:00,0.0746051969
2012-07-01 00:00:00,0.0746051969
2012-07-02 00:00:00,0.0750186161
2012-07-03 00:00:00,0.0747977635
2012-07-04 00:00:00,0.0747944047
2012-07-05 00:00:00,0.0750244527
2012-07-06 00:00:00,0.0743796686
2012-07-07 00:00:00,0.0743796686
2012-07-08 00:00:00,0.0743796686
2012-07-09 00:00:00,0.0742941063
2012-07-10 00:00:00,0.0751201556
2012-07-11 00:00:00,0.0750627564
2012-07-12 00:00:00,0.0744891031
2012-07-13 00:00:00,0.0744535895
2012-07-14 00:00:00,0.0744535895
2012-07-15 00:00:00,0.0744535895
2012-07-16 00:00:00,0.0749912242
2012-07-17 00:00:00,0.07587233730000001
2012-07-18 00:00:00,0.0757781288
2012-07-19 00:00:00,0.0761885274
2012-07-20 00:00:00,0.0751569363
2012-07-21 00:00:00,0.0751569363
2012-07-22 00:00:00,0.0751569363
2012-07-23 00:00:00,0.073939468
2012-07-24 00:00:00,0.0732631145
2012-07-25 00:00:00,0.0733367179
2012-07-26 00:00:00,0.07420543889999999
2012-07-27 00:00:00,0.074732729
2012-07-28 00:00:00,0.074732729
2012-07-29 00:00:00,0.074732729
2012-07-30 00:00:00,0.0755827948
2012-07-31 00:00:00,0.0754285995
2012-08-01 00:00:00,0.0752106853
2012-08-02 00:00:00,0.0750284106
2012-08-03 00:00:00,0.0753061137
2012-08-04 00:00:00,0.0753061137
2012-08-05 00:00:00,0.0753061137
2012-08-06 00:00:00,0.07636220070000001
2012-08-07 00:00:00,0.0761123692
2012-08-08 00:00:00,0.0753472349
2012-08-09 00:00:00,0.0759560108
2012-08-10 00:00:00,0.0759878043
2012-08-11 00:00:00,0.0759878043
2012-08-12 00:00:00,0.0759878043
2012-08-13 00:00:00,0.0763410258
2012-08-14 00:00:00,0.0763817604
2012-08-15 00:00:00,0.07586113139999999
2012-08-16 00:00:00,0.0760978693
2012-08-17 00:00:00,0.0755568621
2012-08-18 00:00:00,0.0755568621
2012-08-19 00:00:00,0.0755568621
2012-08-20 00:00:00,0.0762020407
2012-08-21 00:00:00,0.07664839059999999
2012-08-22 00:00:00,0.07580075509999999
2012-08-23 00:00:00,0.07625296150000001
2012-08-24 00:00:00,0.0756313192
2012-08-25 00:00:00,0.0756313192
2012-08-26 00:00:00,0.0756313192
2012-08-27 00:00:00,0.075889261
2012-08-28 00:00:00,0.0759637737
2012-08-29 00:00:00,0.0754500238
2012-08-30 00:00:00,0.0748011306
2012-08-31 00:00:00,0.0751683853
2012-09-01 00:00:00,0.0751683853
2012-09-02 00:00:00,0.0751683853
2012-09-03 00:00:00,0.07560881700000001
2012-09-04 00:00:00,0.0759977767
2012-09-05 00:00:00,0.075947227
2012-09-06 00:00:00,0.0765188118
2012-09-07 00:00:00,0.0769971943
2012-09-08 00:00:00,0.0769971943
2012-09-09 00:00:00,0.0769971943
2012-09-10 00:00:00,0.0769555108
2012-09-11 00:00:00,0.0767015974
2012-09-12 00:00:00,0.0769212416
2012-09-13 00:00:00,0.0768278604
2012-09-14 00:00:00,0.0783175044
2012-09-15 00:00:00,0.0783175044
2012-09-16 00:00:00,0.0783175044
2012-09-17 00:00:00,0.07824870240000001
2012-09-18 00:00:00,0.078035425
2012-09-19 00:00:00,0.0779421638
2012-09-20 00:00:00,0.0775428599
2012-09-21 00:00:00,0.0779400028
2012-09-22 00:00:00,0.0779400028
2012-09-23 00:00:00,0.0779400028
2012-09-24 00:00:00,0.0774679566
2012-09-25 00:00:00,0.0778665575
2012-09-26 00:00:00,0.07739956740000001
2012-09-27 00:00:00,0.0779179906
2012-09-28 00:00:00,0.0778512337
2012-09-29 00:00:00,0.0778512337
2012-09-30 00:00:00,0.0778512337
2012-10-01 00:00:00,0.0776546218
2012-10-02 00:00:00,0.0779794105
2012-10-03 00:00:00,0.0777574238
2012-10-04 00:00:00,0.0781862198
2012-10-05 00:00:00,0.0783989774
2012-10-06 00:00:00,0.0783989774
2012-10-07 00:00:00,0.0783989774
2012-10-08 00:00:00,0.0778927247
2012-10-09 00:00:00,0.0781897972
2012-10-10 00:00:00,0.0778208472
2012-10-11 00:00:00,0.07739778559999999
2012-10-12 00:00:00,0.0776883959
2012-10-13 00:00:00,0.0776883959
2012-10-14 00:00:00,0.0776883959
2012-10-15 00:00:00,0.07800322330000001
2012-10-16 00:00:00,0.0781909283
2012-10-17 00:00:00,0.0779880046
2012-10-18 00:00:00,0.0781340274
2012-10-19 00:00:00,0.077648909
2012-10-20 00:00:00,0.077648909
2012-10-21 00:00:00,0.077648909
2012-10-22 00:00:00,0.0776399546
2012-10-23 00:00:00,0.0771942946
2012-10-24 00:00:00,0.0771160435
2012-10-25 00:00:00,0.0773038548
2012-10-26 00:00:00,0.0766945527
2012-10-27 00:00:00,0.0766945527
2012-10-28 00:00:00,0.0766945527
2012-10-29 00:00:00,0.0766415117
2012-10-30 00:00:00,0.07662930379999999
2012-10-31 00:00:00,0.07657129389999999
2012-11-01 00:00:00,0.0765929564
2012-11-02 00:00:00,0.0771100243
2012-11-03 00:00:00,0.0771100243
2012-11-04 00:00:00,0.0771100243
2012-11-05 00:00:00,0.0766025564
2012-11-06 00:00:00,0.0768454925
2012-11-07 00:00:00,0.07678729570000001
2012-11-08 00:00:00,0.076470447
2012-11-09 00:00:00,0.0755676203
2012-11-10 00:00:00,0.0755676203
2012-11-11 00:00:00,0.0755676203
2012-11-12 00:00:00,0.07581485339999999
2012-11-13 00:00:00,0.0755435494
2012-11-14 00:00:00,0.0757143962
2012-11-15 00:00:00,0.0754034403
2012-11-16 00:00:00,0.0757103226
2012-11-17 00:00:00,0.0757103226
2012-11-18 00:00:00,0.0757103226
2012-11-19 00:00:00,0.0763620045
2012-11-20 00:00:00,0.0764524716
2012-11-21 00:00:00,0.0767791722
2012-11-22 00:00:00,0.0769625663
2012-11-23 00:00:00,0.0768699422
2012-11-24 00:00:00,0.0768699422
2012-11-25 00:00:00,0.0768699422
2012-11-26 00:00:00,0.0770497162
2012-11-27 00:00:00,0.0770859478
2012-11-28 00:00:00,0.0764808486
2012-11-29 00:00:00,0.0772918699
2012-11-30 00:00:00,0.07745991599999999
2012-12-01 00:00:00,0.07745991599999999
2012-12-02 00:00:00,0.07745991599999999
2012-12-03 00:00:00,0.0775531296
2012-12-04 00:00:00,0.0771015654
2012-12-05 00:00:00,0.077262889
2012-12-06 00:00:00,0.0774940125
2012-12-07 00:00:00,0.0776731169
2012-12-08 00:00:00,0.0776731169
2012-12-09 00:00:00,0.0776731169
2012-12-10 00:00:00,0.0780453061
2012-12-11 00:00:00,0.0782286712
2012-12-12 00:00:00,0.0784035498
2012-12-13 00:00:00,0.0784792654
2012-12-14 00:00:00,0.07816785679999999
2012-12-15 00:00:00,0.07816785679999999
2012-12-16 00:00:00,0.07816785679999999
2012-12-17 00:00:00,0.0782485641
2012-12-18 00:00:00,0.0785363092
2012-12-19 00:00:00,0.0787133195
2012-12-20 00:00:00,0.0782458192
2012-12-21 00:00:00,0.0776671057
2012-12-22 00:00:00,0.0776671057
2012-12-23 00:00:00,0.0776671057
2012-12-24 00:00:00,0.0773086439
2012-12-25 00:00:00,0.0773086439
2012-12-26 00:00:00,0.0773086439
2012-12-27 00:00:00,0.0771552702
2012-12-28 00:00:00,0.0769199351
2012-12-29 00:00:00,0.0769199351
2012-12-30 00:00:00,0.0769199351
2012-12-31 00:00:00,0.07677849219999999
2013-01-01 00:00:00,0.07677849219999999
2013-01-02 00:00:00,0.0783255276
2013-01-03 00:00:00,0.0783176822
2013-01-04 00:00:00,0.0781098051
2013-01-05 00:00:00,0.0781098051
2013-01-06 00:00:00,0.0781098051
2013-01-07 00:00:00,0.0785619174
2013-01-08 00:00:00,0.0784151581
2013-01-09 00:00:00,0.0783114102
2013-01-10 00:00:00,0.0789407147
2013-01-11 00:00:00,0.0792014225
2013-01-12 00:00:00,0.0792014225
2013-01-13 00:00:00,0.0792014225
2013-01-14 00:00:00,0.0788955452
2013-01-15 00:00:00,0.0789140218
2013-01-16 00:00:00,0.0789902668
2013-01-17 00:00:00,0.0793334283
2013-01-18 00:00:00,0.0793652685
2013-01-19 00:00:00,0.0793652685
2013-01-20 00:00:00,0.0793652685
2013-01-21 00:00:00,0.0787527708
2013-01-22 00:00:00,0.0787275425
2013-01-23 00:00:00,0.07909195549999999
2013-01-24 00:00:00,0.0788086312
2013-01-25 00:00:00,0.07902116769999999
2013-01-26 00:00:00,0.07902116769999999
2013-01-27 00:00:00,0.07902116769999999
2013-01-28 00:00:00,0.0783207984
2013-01-29 00:00:00,0.0785041376
2013-01-30 00:00:00,0.0786563193
2013-01-31 00:00:00,0.07869991230000001
2013-02-01 00:00:00,0.07854741400000001
2013-02-02 00:00:00,0.07854741400000001
2013-02-03 00:00:00,0.07854741400000001
2013-02-04 00:00:00,0.0789049263
2013-02-05 00:00:00,0.0790061923
2013-02-06 00:00:00,0.0790209054
2013-02-07 00:00:00,0.07886540019999999
2013-02-08 00:00:00,0.078455988
2013-02-09 00:00:00,0.078455988
2013-02-10 00:00:00,0.078455988
2013-02-11 00:00:00,0.0783236825
2013-02-12 00:00:00,0.0784183283
2013-02-13 00:00:00,0.0789254892
2013-02-14 00:00:00,0.0786147012
2013-02-15 00:00:00,0.07874318200000001
2013-02-16 00:00:00,0.07874318200000001
2013-02-17 00:00:00,0.07874318200000001
2013-02-18 00:00:00,0.0787988952
2013-02-19 00:00:00,0.0789017939
2013-02-20 00:00:00,0.0790576938
2013-02-21 00:00:00,0.0783421364
2013-02-22 00:00:00,0.0785994445
2013-02-23 00:00:00,0.0785994445
2013-02-24 00:00:00,0.0785994445
2013-02-25 00:00:00,0.0789765813
2013-02-26 00:00:00,0.0780907565
2013-02-27 00:00:00,0.07786054419999999
2013-02-28 00:00:00,0.0783568282
2013-03-01 00:00:00,0.0778247387
2013-03-02 00:00:00,0.0778247387
2013-03-03 00:00:00,0.0778247387
2013-03-04 00:00:00,0.0781431172
2013-03-05 00:00:00,0.07851759929999999
2013-03-06 00:00:00,0.0786914342
2013-03-07 00:00:00,0.07811890169999999
2013-03-08 00:00:00,0.0785723718
2013-03-09 00:00:00,0.0785723718
2013-03-10 00:00:00,0.0785723718
2013-03-11 00:00:00,0.0793652733
2013-03-12 00:00:00,0.080027712
2013-03-13 00:00:00,0.08071004450000001
2013-03-14 00:00:00,0.08054013
2013-03-15 00:00:00,0.0805574879
2013-03-16 00:00:00,0.0805574879
2013-03-17 00:00:00,0.0805574879
2013-03-18 00:00:00,0.08010036549999999
2013-03-19 00:00:00,0.0806715985
2013-03-20 00:00:00,0.080710527
2013-03-21 00:00:00,0.0807556376
2013-03-22 00:00:00,0.0805669805
2013-03-23 00:00:00,0.0805669805
2013-03-24 00:00:00,0.0805669805
2013-03-25 00:00:00,0.0809880099
2013-03-26 00:00:00,0.0811890814
2013-03-27 00:00:00,0.0806391512
2013-03-28 00:00:00,0.0809694839
2013-03-29 00:00:00,0.0809694839
2013-03-30 00:00:00,0.0809694839
2013-03-31 00:00:00,0.0809694839
2013-04-01 00:00:00,0.0809694839
2013-04-02 00:00:00,0.0811194996
2013-04-03 00:00:00,0.0815646579
2013-04-04 00:00:00,0.0813340355
2013-04-05 00:00:00,0.08109259490000001
2013-04-06 00:00:00,0.08109259490000001
2013-04-07 00:00:00,0.08109259490000001
2013-04-08 00:00:00,0.0823844227
2013-04-09 00:00:00,0.08224068009999999
2013-04-10 00:00:00,0.0823314018
2013-04-11 00:00:00,0.0826857262
2013-04-12 00:00:00,0.0829014228
2013-04-13 00:00:00,0.0829014228
2013-04-14 00:00:00,0.0829014228
2013-04-15 00:00:00,0.08242959679999999
2013-04-16 00:00:00,0.0821877504
2013-04-17 00:00:00,0.0819671108
2013-04-18 00:00:00,0.0820817105
2013-04-19 00:00:00,0.0817663782
2013-04-20 00:00:00,0.0817663782
2013-04-21 00:00:00,0.0817663782
2013-04-22 00:00:00,0.08147513940000001
2013-04-23 00:00:00,0.0813700741
2013-04-24 00:00:00,0.081596035
2013-04-25 00:00:00,0.0823045267
2013-04-26 00:00:00,0.08200071910000001
2013-04-27 00:00:00,0.08200071910000001
2013-04-28 00:00:00,0.08200071910000001
2013-04-29 00:00:00,0.0827245543
2013-04-30 00:00:00,0.08200341259999999
2013-05-01 00:00:00,0.08200341259999999
2013-05-02 00:00:00,0.08217206860000001
2013-05-03 00:00:00,0.0821658605
2013-05-04 00:00:00,0.0821658605
2013-05-05 00:00:00,0.0821658605
2013-05-06 00:00:00,0.0827336767
2013-05-07 00:00:00,0.0824635247
2013-05-08 00:00:00,0.0830945196
2013-05-09 00:00:00,0.0834169068
2013-05-10 00:00:00,0.0828903114
2013-05-11 00:00:00,0.0828903114
2013-05-12 00:00:00,0.0828903114
2013-05-13 00:00:00,0.0825900673
2013-05-14 00:00:00,0.0822583815
2013-05-15 00:00:00,0.0822585286
2013-05-16 00:00:00,0.0815327396
2013-05-17 00:00:00,0.0812421482
2013-05-18 00:00:00,0.0812421482
2013-05-19 00:00:00,0.0812421482
2013-05-20 00:00:00,0.0811913711
2013-05-21 00:00:00,0.0812309013
2013-05-22 00:00:00,0.081148627
2013-05-23 00:00:00,0.0800094362
2013-05-24 00:00:00,0.0803534833
2013-05-25 00:00:00,0.0803534833
2013-05-26 00:00:00,0.0803534833
2013-05-27 00:00:00,0.08009929610000001
2013-05-28 00:00:00,0.0800817034
2013-05-29 00:00:00,0.079134361
2013-05-30 00:00:00,0.0784275708
2013-05-31 00:00:00,0.07756070799999999
2013-06-01 00:00:00,0.07756070799999999
2013-06-02 00:00:00,0.07756070799999999
2013-06-03 00:00:00,0.0783699437
2013-06-04 00:00:00,0.0785603274
2013-06-05 00:00:00,0.07847576719999999
2013-06-06 00:00:00,0.0780150701
2013-06-07 00:00:00,0.0777758226
2013-06-08 00:00:00,0.0777758226
2013-06-09 00:00:00,0.0777758226
2013-06-10 00:00:00,0.0780581492
2013-06-11 00:00:00,0.0769230769
2013-06-12 00:00:00,0.0784252341
2013-06-13 00:00:00,0.0777899817
2013-06-14 00:00:00,0.07899127730000001
2013-06-15 00:00:00,0.07899127730000001
2013-06-16 00:00:00,0.07899127730000001
2013-06-17 00:00:00,0.0788844857
2013-06-18 00:00:00,0.0773815034
2013-06-19 00:00:00,0.0777605698
2013-06-20 00:00:00,0.0752651386
2013-06-21 00:00:00,0.075074904
2013-06-22 00:00:00,0.075074904
2013-06-23 00:00:00,0.075074904
2013-06-24 00:00:00,0.0746824029
2013-06-25 00:00:00,0.0759814414
2013-06-26 00:00:00,0.07570068469999999
2013-06-27 00:00:00,0.0766061005
2013-06-28 00:00:00,0.0767547077
2013-06-29 00:00:00,0.0767547077
2013-06-30 00:00:00,0.0767547077
2013-07-01 00:00:00,0.0774205425
2013-07-02 00:00:00,0.0768935411
2013-07-03 00:00:00,0.0762078942
2013-07-04 00:00:00,0.0771012221
2013-07-05 00:00:00,0.0775495708
2013-07-06 00:00:00,0.0775495708
2013-07-07 00:00:00,0.0775495708
2013-07-08 00:00:00,0.0767342844
2013-07-09 00:00:00,0.0778268765
2013-07-10 00:00:00,0.0774864234
2013-07-11 00:00:00,0.07793325129999999
2013-07-12 00:00:00,0.07782700599999999
2013-07-13 00:00:00,0.07782700599999999
2013-07-14 00:00:00,0.07782700599999999
2013-07-15 00:00:00,0.0781553136
2013-07-16 00:00:00,0.0793241903
2013-07-17 00:00:00,0.07908250809999999
2013-07-18 00:00:00,0.0801731687
2013-07-19 00:00:00,0.0800607639
2013-07-20 00:00:00,0.0800607639
2013-07-21 00:00:00,0.0800607639
2013-07-22 00:00:00,0.0798975641
2013-07-23 00:00:00,0.0798628153
2013-07-24 00:00:00,0.0800319016
2013-07-25 00:00:00,0.0790344885
2013-07-26 00:00:00,0.0790325368
2013-07-27 00:00:00,0.0790325368
2013-07-28 00:00:00,0.0790325368
2013-07-29 00:00:00,0.0787649279
2013-07-30 00:00:00,0.0783605861
2013-07-31 00:00:00,0.0780487518
2013-08-01 00:00:00,0.0784806674
2013-08-02 00:00:00,0.077866242
2013-08-03 00:00:00,0.077866242
2013-08-04 00:00:00,0.077866242
2013-08-05 00:00:00,0.0789610049
2013-08-06 00:00:00,0.0790203382
2013-08-07 00:00:00,0.0788748259
2013-08-08 00:00:00,0.0788489005
2013-08-09 00:00:00,0.0793334401
2013-08-10 00:00:00,0.0793334401
2013-08-11 00:00:00,0.0793334401
2013-08-12 00:00:00,0.07916400900000001
2013-08-13 00:00:00,0.0785730333
2013-08-14 00:00:00,0.0784742468
2013-08-15 00:00:00,0.0781555823
2013-08-16 00:00:00,0.07782418969999999
2013-08-17 00:00:00,0.07782418969999999
2013-08-18 00:00:00,0.07782418969999999
2013-08-19 00:00:00,0.0770269802
2013-08-20 00:00:00,0.076772703
2013-08-21 00:00:00,0.07664028769999999
2013-08-22 00:00:00,0.0756086488
2013-08-23 00:00:00,0.0763998536
2013-08-24 00:00:00,0.0763998536
2013-08-25 00:00:00,0.0763998536
2013-08-26 00:00:00,0.0766961144
2013-08-27 00:00:00,0.0749119624
2013-08-28 00:00:00,0.0749511445
2013-08-29 00:00:00,0.07535787320000001
2013-08-30 00:00:00,0.0751314161
2013-08-31 00:00:00,0.0751314161
2013-09-01 00:00:00,0.0751314161
2013-09-02 00:00:00,0.0752445576
2013-09-03 00:00:00,0.0744879378
2013-09-04 00:00:00,0.0750215023
2013-09-05 00:00:00,0.07458082889999999
2013-09-06 00:00:00,0.075046915
2013-09-07 00:00:00,0.075046915
2013-09-08 00:00:00,0.075046915
2013-09-09 00:00:00,0.0758637741
2013-09-10 00:00:00,0.0765521468
2013-09-11 00:00:00,0.0764849659
2013-09-12 00:00:00,0.0762776069
2013-09-13 00:00:00,0.0763299613
2013-09-14 00:00:00,0.0763299613
2013-09-15 00:00:00,0.0763299613
2013-09-16 00:00:00,0.0775645306
2013-09-17 00:00:00,0.0773395563
2013-09-18 00:00:00,0.0772944623
2013-09-19 00:00:00,0.0792768221
2013-09-20 00:00:00,0.07823499440000001
2013-09-21 00:00:00,0.07823499440000001
2013-09-22 00:00:00,0.07823499440000001
2013-09-23 00:00:00,0.0779088948
2013-09-24 00:00:00,0.07762465
2013-09-25 00:00:00,0.0770371723
2013-09-26 00:00:00,0.07698449360000001
2013-09-27 00:00:00,0.07599591309999999
2013-09-28 00:00:00,0.07599591309999999
2013-09-29 00:00:00,0.07599591309999999
2013-09-30 00:00:00,0.0756743733
2013-10-01 00:00:00,0.0761216914
2013-10-02 00:00:00,0.07579793950000001
2013-10-03 00:00:00,0.0759025785
2013-10-04 00:00:00,0.0763008701
2013-10-05 00:00:00,0.0763008701
2013-10-06 00:00:00,0.0763008701
2013-10-07 00:00:00,0.0759187783
2013-10-08 00:00:00,0.0765302096
2013-10-09 00:00:00,0.0758724064
2013-10-10 00:00:00,0.0761037062
2013-10-11 00:00:00,0.0765636111
2013-10-12 00:00:00,0.0765636111
2013-10-13 00:00:00,0.0765636111
2013-10-14 00:00:00,0.076731175
2013-10-15 00:00:00,0.0769156225
2013-10-16 00:00:00,0.077133529
2013-10-17 00:00:00,0.07792430019999999
2013-10-18 00:00:00,0.078204564
2013-10-19 00:00:00,0.078204564
2013-10-20 00:00:00,0.078204564
2013-10-21 00:00:00,0.0777227413
2013-10-22 00:00:00,0.0769421218
2013-10-23 00:00:00,0.0773079388
2013-10-24 00:00:00,0.07680495820000001
2013-10-25 00:00:00,0.0770874949
2013-10-26 00:00:00,0.0770874949
2013-10-27 00:00:00,0.0770874949
2013-10-28 00:00:00,0.0775990677
2013-10-29 00:00:00,0.0774174684
2013-10-30 00:00:00,0.07763379200000001
2013-10-31 00:00:00,0.0771842271
2013-11-01 00:00:00,0.0764276781
2013-11-02 00:00:00,0.0764276781
2013-11-03 00:00:00,0.0764276781
2013-11-04 00:00:00,0.07683905099999999
2013-11-05 00:00:00,0.0765287025
2013-11-06 00:00:00,0.076321525
2013-11-07 00:00:00,0.0761759828
2013-11-08 00:00:00,0.0758094012
2013-11-09 00:00:00,0.0758094012
2013-11-10 00:00:00,0.0758094012
2013-11-11 00:00:00,0.0759013068
2013-11-12 00:00:00,0.0756885904
2013-11-13 00:00:00,0.07592135650000001
2013-11-14 00:00:00,0.0765344194
2013-11-15 00:00:00,0.0770697464
2013-11-16 00:00:00,0.0770697464
2013-11-17 00:00:00,0.0770697464
2013-11-18 00:00:00,0.07752529309999999
2013-11-19 00:00:00,0.0774352651
2013-11-20 00:00:00,0.07716045860000001
2013-11-21 00:00:00,0.0762616399
2013-11-22 00:00:00,0.0767340081
2013-11-23 00:00:00,0.0767340081
2013-11-24 00:00:00,0.0767340081
2013-11-25 00:00:00,0.0769598743
2013-11-26 00:00:00,0.0764451617
2013-11-27 00:00:00,0.0762950119
2013-11-28 00:00:00,0.0762806986
2013-11-29 00:00:00,0.0765768553
2013-11-30 00:00:00,0.0765768553
2013-12-01 00:00:00,0.0765768553
2013-12-02 00:00:00,0.07609752809999999
2013-12-03 00:00:00,0.0755189214
2013-12-04 00:00:00,0.0761409661
2013-12-05 00:00:00,0.0767649617
2013-12-06 00:00:00,0.0765974387
2013-12-07 00:00:00,0.0765974387
2013-12-08 00:00:00,0.0765974387
2013-12-09 00:00:00,0.0779242904
2013-12-10 00:00:00,0.07779393379999999
2013-12-11 00:00:00,0.0775872272
2013-12-12 00:00:00,0.0770534536
2013-12-13 00:00:00,0.0772125412
2013-12-14 00:00:00,0.0772125412
2013-12-15 00:00:00,0.0772125412
2013-12-16 00:00:00,0.0773876065
2013-12-17 00:00:00,0.0773006342
2013-12-18 00:00:00,0.0771501198
2013-12-19 00:00:00,0.0770788215
2013-12-20 00:00:00,0.0765844083
2013-12-21 00:00:00,0.0765844083
2013-12-22 00:00:00,0.0765844083
2013-12-23 00:00:00,0.0771157299
2013-12-24 00:00:00,0.0770222275
2013-12-25 00:00:00,0.0770222275
2013-12-26 00:00:00,0.0770222275
2013-12-27 00:00:00,0.0762210598
2013-12-28 00:00:00,0.0762210598
2013-12-29 00:00:00,0.0762210598
2013-12-30 00:00:00,0.0765314055
2013-12-31 00:00:00,0.0763067764
2014-01-01 00:00:00,0.0763067764
2014-01-02 00:00:00,0.0761383401
2014-01-03 00:00:00,0.07650524660000001
2014-01-04 00:00:00,0.07650524660000001
2014-01-05 00:00:00,0.07650524660000001
2014-01-06 00:00:00,0.0761905829
2014-01-07 00:00:00,0.0765991139
2014-01-08 00:00:00,0.0767784022
2014-01-09 00:00:00,0.0761983665
2014-01-10 00:00:00,0.0764525822
2014-01-11 00:00:00,0.0764525822
2014-01-12 00:00:00,0.0764525822
2014-01-13 00:00:00,0.0768624537
2014-01-14 00:00:00,0.0762863235
2014-01-15 00:00:00,0.0762484379
2014-01-16 00:00:00,0.07535510620000001
2014-01-17 00:00:00,0.07508789
2014-01-18 00:00:00,0.07508789
2014-01-19 00:00:00,0.07508789
2014-01-20 00:00:00,0.0755572388
2014-01-21 00:00:00,0.0751173187
2014-01-22 00:00:00,0.0751824696
2014-01-23 00:00:00,0.074878259
2014-01-24 00:00:00,0.07415092400000001
2014-01-25 00:00:00,0.07415092400000001
2014-01-26 00:00:00,0.07415092400000001
2014-01-27 00:00:00,0.0746546852
2014-01-28 00:00:00,0.075238825
2014-01-29 00:00:00,0.0751200662
2014-01-30 00:00:00,0.0749485122
2014-01-31 00:00:00,0.0744215754
2014-02-01 00:00:00,0.0744215754
2014-02-02 00:00:00,0.0744215754
2014-02-03 00:00:00,0.0750339092
2014-02-04 00:00:00,0.07464070980000001
2014-02-05 00:00:00,0.0749764712
2014-02-06 00:00:00,0.0754745473
2014-02-07 00:00:00,0.0749427191
2014-02-08 00:00:00,0.0749427191
2014-02-09 00:00:00,0.0749427191
2014-02-10 00:00:00,0.0751935249
2014-02-11 00:00:00,0.07530837
2014-02-12 00:00:00,0.075137149
2014-02-13 00:00:00,0.0748392393
2014-02-14 00:00:00,0.0754487458
2014-02-15 00:00:00,0.0754487458
2014-02-16 00:00:00,0.0754487458
2014-02-17 00:00:00,0.0756244997
2014-02-18 00:00:00,0.0757087878
2014-02-19 00:00:00,0.0753266255
2014-02-20 00:00:00,0.0750187465
2014-02-21 00:00:00,0.0751694562
2014-02-22 00:00:00,0.0751694562
2014-02-23 00:00:00,0.0751694562
2014-02-24 00:00:00,0.0754148227
2014-02-25 00:00:00,0.0754387889
2014-02-26 00:00:00,0.0754233842
2014-02-27 00:00:00,0.0750020596
2014-02-28 00:00:00,0.0754433588
2014-03-01 00:00:00,0.0754433588
2014-03-02 00:00:00,0.0754433588
2014-03-03 00:00:00,0.07523620610000001
2014-03-04 00:00:00,0.0752444296
2014-03-05 00:00:00,0.0754716981
2014-03-06 00:00:00,0.07580771480000001
2014-03-07 00:00:00,0.0759417565
2014-03-08 00:00:00,0.0759417565
2014-03-09 00:00:00,0.0759417565
2014-03-10 00:00:00,0.0758379545
2014-03-11 00:00:00,0.07557444769999999
2014-03-12 00:00:00,0.0753152371
2014-03-13 00:00:00,0.0758150031
2014-03-14 00:00:00,0.0752304216
2014-03-15 00:00:00,0.0752304216
2014-03-16 00:00:00,0.0752304216
2014-03-17 00:00:00,0.0756945654
2014-03-18 00:00:00,0.0758151685
2014-03-19 00:00:00,0.0760111233
2014-03-20 00:00:00,0.07527293410000001
2014-03-21 00:00:00,0.0754262569
2014-03-22 00:00:00,0.0754262569
2014-03-23 00:00:00,0.0754262569
2014-03-24 00:00:00,0.07580418809999999
2014-03-25 00:00:00,0.076074723
2014-03-26 00:00:00,0.076199264
2014-03-27 00:00:00,0.0762617444
2014-03-28 00:00:00,0.0764711767
2014-03-29 00:00:00,0.0764711767
2014-03-30 00:00:00,0.0764711767
2014-03-31 00:00:00,0.0765374944
2014-04-01 00:00:00,0.0764993371
2014-04-02 00:00:00,0.0765610518
2014-04-03 00:00:00,0.0762543399
2014-04-04 00:00:00,0.0762865702
2014-04-05 00:00:00,0.0762865702
2014-04-06 00:00:00,0.0762865702
2014-04-07 00:00:00,0.0766429676
2014-04-08 00:00:00,0.0771276745
2014-04-09 00:00:00,0.0766226913
2014-04-10 00:00:00,0.0769824351
2014-04-11 00:00:00,0.0763708434
2014-04-12 00:00:00,0.0763708434
2014-04-13 00:00:00,0.0763708434
2014-04-14 00:00:00,0.0766076979
2014-04-15 00:00:00,0.0766782215
2014-04-16 00:00:00,0.0766020567
2014-04-17 00:00:00,0.0765520366
2014-04-18 00:00:00,0.0765520366
2014-04-19 00:00:00,0.0765520366
2014-04-20 00:00:00,0.0765520366
2014-04-21 00:00:00,0.0765520366
2014-04-22 00:00:00,0.0766665557
2014-04-23 00:00:00,0.0765112549
2014-04-24 00:00:00,0.0765023692
2014-04-25 00:00:00,0.0761832894
2014-04-26 00:00:00,0.0761832894
2014-04-27 00:00:00,0.0761832894
2014-04-28 00:00:00,0.0762368341
2014-04-29 00:00:00,0.0764276988
2014-04-30 00:00:00,0.0762950885
2014-05-01 00:00:00,0.0762950885
2014-05-02 00:00:00,0.07674591139999999
2014-05-03 00:00:00,0.07674591139999999
2014-05-04 00:00:00,0.07674591139999999
2014-05-05 00:00:00,0.0766781992
2014-05-06 00:00:00,0.0767579469
2014-05-07 00:00:00,0.0768093802
2014-05-08 00:00:00,0.0771484969
2014-05-09 00:00:00,0.0771383632
2014-05-10 00:00:00,0.0771383632
2014-05-11 00:00:00,0.0771383632
2014-05-12 00:00:00,0.0772767591
2014-05-13 00:00:00,0.0773455403
2014-05-14 00:00:00,0.0773620549
2014-05-15 00:00:00,0.0774144185
2014-05-16 00:00:00,0.07723192129999999
2014-05-17 00:00:00,0.07723192129999999
2014-05-18 00:00:00,0.07723192129999999
2014-05-19 00:00:00,0.0774172062
2014-05-20 00:00:00,0.0773124037
2014-05-21 00:00:00,0.0774563331
2014-05-22 00:00:00,0.07733656230000001
2014-05-23 00:00:00,0.0775586384
2014-05-24 00:00:00,0.0775586384
2014-05-25 00:00:00,0.0775586384
2014-05-26 00:00:00,0.07777872849999999
2014-05-27 00:00:00,0.07763066519999999
2014-05-28 00:00:00,0.0776278109
2014-05-29 00:00:00,0.0777726356
2014-05-30 00:00:00,0.0778285564
2014-05-31 00:00:00,0.0778285564
2014-06-01 00:00:00,0.0778285564
2014-06-02 00:00:00,0.0776670775
2014-06-03 00:00:00,0.07737234559999999
2014-06-04 00:00:00,0.0772313028
2014-06-05 00:00:00,0.07754964389999999
2014-06-06 00:00:00,0.077775624
2014-06-07 00:00:00,0.077775624
2014-06-08 00:00:00,0.077775624
2014-06-09 00:00:00,0.0773397139
2014-06-10 00:00:00,0.07666927
2014-06-11 00:00:00,0.0766870645
2014-06-12 00:00:00,0.0769646525
2014-06-13 00:00:00,0.0768771976
2014-06-14 00:00:00,0.0768771976
2014-06-15 00:00:00,0.0768771976
2014-06-16 00:00:00,0.0766663834
2014-06-17 00:00:00,0.07669609849999999
2014-06-18 00:00:00,0.0764061021
2014-06-19 00:00:00,0.0770475296
2014-06-20 00:00:00,0.0768608552
2014-06-21 00:00:00,0.0768608552
2014-06-22 00:00:00,0.0768608552
2014-06-23 00:00:00,0.0770372721
2014-06-24 00:00:00,0.0768076706
2014-06-25 00:00:00,0.0766226384
2014-06-26 00:00:00,0.07679889820000001
2014-06-27 00:00:00,0.0769113487
2014-06-28 00:00:00,0.0769113487
2014-06-29 00:00:00,0.0769113487
2014-06-30 00:00:00,0.0771098214
2014-07-01 00:00:00,0.0770031335
2014-07-02 00:00:00,0.0772498685
2014-07-03 00:00:00,0.0769408594
2014-07-04 00:00:00,0.0770801661
2014-07-05 00:00:00,0.0770801661
2014-07-06 00:00:00,0.0770801661
2014-07-07 00:00:00,0.0770447292
2014-07-08 00:00:00,0.0769526981
2014-07-09 00:00:00,0.0769230769
2014-07-10 00:00:00,0.0768405237
2014-07-11 00:00:00,0.0769304768
2014-07-12 00:00:00,0.0769304768
2014-07-13 00:00:00,0.0769304768
2014-07-14 00:00:00,0.0770061031
2014-07-15 00:00:00,0.0771187401
2014-07-16 00:00:00,0.0772467019
2014-07-17 00:00:00,0.0772649631
2014-07-18 00:00:00,0.07720233580000001
2014-07-19 00:00:00,0.07720233580000001
2014-07-20 00:00:00,0.07720233580000001
2014-07-21 00:00:00,0.0770831789
2014-07-22 00:00:00,0.07706687400000001
2014-07-23 00:00:00,0.0773081936
2014-07-24 00:00:00,0.0772618829
2014-07-25 00:00:00,0.0771695318
2014-07-26 00:00:00,0.0771695318
2014-07-27 00:00:00,0.0771695318
2014-07-28 00:00:00,0.077160352
2014-07-29 00:00:00,0.0768416475
2014-07-30 00:00:00,0.076443912
2014-07-31 00:00:00,0.0758640243
2014-08-01 00:00:00,0.0754575618
2014-08-02 00:00:00,0.0754575618
2014-08-03 00:00:00,0.0754575618
2014-08-04 00:00:00,0.0758090935
2014-08-05 00:00:00,0.075678916
2014-08-06 00:00:00,0.0751822515
2014-08-07 00:00:00,0.0755429224
2014-08-08 00:00:00,0.0755172492
2014-08-09 00:00:00,0.0755172492
2014-08-10 00:00:00,0.0755172492
2014-08-11 00:00:00,0.0755916717
2014-08-12 00:00:00,0.0757718555
2014-08-13 00:00:00,0.076184828
2014-08-14 00:00:00,0.07629507070000001
2014-08-15 00:00:00,0.0766473922
2014-08-16 00:00:00,0.0766473922
2014-08-17 00:00:00,0.0766473922
2014-08-18 00:00:00,0.07659333360000001
2014-08-19 00:00:00,0.07660492299999999
2014-08-20 00:00:00,0.07643795889999999
2014-08-21 00:00:00,0.076286347
2014-08-22 00:00:00,0.0762716736
2014-08-23 00:00:00,0.0762716736
2014-08-24 00:00:00,0.0762716736
2014-08-25 00:00:00,0.0761935547
2014-08-26 00:00:00,0.0762657972
2014-08-27 00:00:00,0.07651393299999999
2014-08-28 00:00:00,0.0763167801
2014-08-29 00:00:00,0.076379558
2014-08-30 00:00:00,0.076379558
2014-08-31 00:00:00,0.076379558
2014-08-31 18:12:16,0.076379558
2014-09-01 00:00:00,0.0764337512
2014-09-02 00:00:00,0.0761583443
2014-09-03 00:00:00,0.0764495239
2014-09-04 00:00:00,0.0764585279
2014-09-05 00:00:00,0.07607744059999999
2014-09-06 00:00:00,0.07607744059999999
2014-09-07 00:00:00,0.07607744059999999
2014-09-08 00:00:00,0.0765551088
2014-09-09 00:00:00,0.0758468249
2014-09-10 00:00:00,0.0755485435
2014-09-11 00:00:00,0.0756231245
2014-09-12 00:00:00,0.0755002306
2014-09-13 00:00:00,0.0755002306
2014-09-14 00:00:00,0.0755002306
2014-09-15 00:00:00,0.0755563879
2014-09-16 00:00:00,0.0756101833
2014-09-17 00:00:00,0.0758539127
2014-09-18 00:00:00,0.0753634389
2014-09-19 00:00:00,0.0757144625
2014-09-20 00:00:00,0.0757144625
2014-09-21 00:00:00,0.0757144625
2014-09-22 00:00:00,0.0755144033
2014-09-23 00:00:00,0.0755145793
2014-09-24 00:00:00,0.0752659777
2014-09-25 00:00:00,0.0748504404
2014-09-26 00:00:00,0.0747398019
2014-09-27 00:00:00,0.0747398019
2014-09-28 00:00:00,0.0747398019
2014-09-29 00:00:00,0.0739096279
2014-09-30 00:00:00,0.0740276626
2014-09-30 18:12:16,0.0740276626
2014-10-01 00:00:00,0.0744101741
2014-10-02 00:00:00,0.0745015925
2014-10-03 00:00:00,0.074629691
2014-10-04 00:00:00,0.074629691
2014-10-05 00:00:00,0.074629691
2014-10-06 00:00:00,0.0747720835
2014-10-07 00:00:00,0.0745879235
2014-10-08 00:00:00,0.0742282202
2014-10-09 00:00:00,0.075049541
2014-10-10 00:00:00,0.0742708376
2014-10-11 00:00:00,0.0742708376
2014-10-12 00:00:00,0.0742708376
2014-10-13 00:00:00,0.0744435376
2014-10-14 00:00:00,0.0744215061
2014-10-15 00:00:00,0.0742664822
2014-10-16 00:00:00,0.0733755396
2014-10-17 00:00:00,0.0740631642
2014-10-18 00:00:00,0.0740631642
2014-10-19 00:00:00,0.0740631642
2014-10-20 00:00:00,0.073956343
2014-10-21 00:00:00,0.0740465678
2014-10-22 00:00:00,0.0738811313
2014-10-23 00:00:00,0.07404658230000001
2014-10-24 00:00:00,0.0738538908
2014-10-25 00:00:00,0.0738538908
2014-10-26 00:00:00,0.0738538908
2014-10-27 00:00:00,0.0736594434
2014-10-28 00:00:00,0.074065897
2014-10-29 00:00:00,0.0743384421
2014-10-30 00:00:00,0.0743389568
2014-10-31 00:00:00,0.0742334525
2014-11-01 00:00:00,0.0742334525
2014-11-02 00:00:00,0.0742334525
2014-11-03 00:00:00,0.0740795645
2014-11-04 00:00:00,0.0732626895
2014-11-05 00:00:00,0.0734835192
2014-11-06 00:00:00,0.0736619097
2014-11-07 00:00:00,0.0733556682
2014-11-08 00:00:00,0.0733556682
2014-11-09 00:00:00,0.0733556682
2014-11-10 00:00:00,0.07390964629999999
2014-11-11 00:00:00,0.073523929
2014-11-12 00:00:00,0.0734753295
2014-11-13 00:00:00,0.0735983172
2014-11-14 00:00:00,0.0733942788
2014-11-15 00:00:00,0.0733942788
2014-11-16 00:00:00,0.0733942788
2014-11-17 00:00:00,0.073705755
2014-11-18 00:00:00,0.07375450139999999
2014-11-19 00:00:00,0.0736105891
2014-11-20 00:00:00,0.0735063077
2014-11-21 00:00:00,0.0734564506
2014-11-22 00:00:00,0.0734564506
2014-11-23 00:00:00,0.0734564506
2014-11-24 00:00:00,0.07341153639999999
2014-11-25 00:00:00,0.07321370690000001
2014-11-26 00:00:00,0.07309941519999999
2014-11-27 00:00:00,0.07286910419999999
2014-11-28 00:00:00,0.0722776462
2014-11-29 00:00:00,0.0722776462
2014-11-30 00:00:00,0.0722776462
2014-12-01 00:00:00,0.0718790352
2014-12-02 00:00:00,0.07133178700000001
2014-12-03 00:00:00,0.07102292360000001
2014-12-04 00:00:00,0.070857531
2014-12-05 00:00:00,0.07064403679999999
2014-12-06 00:00:00,0.07064403679999999
2014-12-07 00:00:00,0.07064403679999999
2014-12-08 00:00:00,0.0695169879
2014-12-09 00:00:00,0.06945364700000001
2014-12-10 00:00:00,0.069407027
2014-12-11 00:00:00,0.06884441320000001
2014-12-12 00:00:00,0.0672540366
2014-12-13 00:00:00,0.0672540366
2014-12-14 00:00:00,0.0672540366
2014-12-15 00:00:00,0.0676694186
2014-12-16 00:00:00,0.067624642
2014-12-17 00:00:00,0.067837991
2014-12-18 00:00:00,0.0689703571
2014-12-19 00:00:00,0.0688327195
2014-12-20 00:00:00,0.0688327195
2014-12-21 00:00:00,0.0688327195
2014-12-22 00:00:00,0.0686363433
2014-12-23 00:00:00,0.0682580313
2014-12-24 00:00:00,0.0678369781
2014-12-25 00:00:00,0.0678369781
2014-12-26 00:00:00,0.0678369781
2014-12-27 00:00:00,0.0678369781
2014-12-28 00:00:00,0.0678369781
2014-12-29 00:00:00,0.0680328646
2014-12-30 00:00:00,0.0678219451
2014-12-31 00:00:00,0.06794866769999999
2015-01-01 00:00:00,0.06794866769999999
2015-01-02 00:00:00,0.0674538051
2015-01-03 00:00:00,0.0674538051
2015-01-04 00:00:00,0.0674538051
2015-01-05 00:00:00,0.0673354055
2015-01-06 00:00:00,0.0670150354
2015-01-07 00:00:00,0.0676819048
2015-01-08 00:00:00,0.0679889304
2015-01-09 00:00:00,0.06820832610000001
2015-01-10 00:00:00,0.06820832610000001
2015-01-11 00:00:00,0.06820832610000001
2015-01-12 00:00:00,0.06824896650000001
2015-01-13 00:00:00,0.0684347483
2015-01-14 00:00:00,0.0683992541
2015-01-15 00:00:00,0.0691369689
2015-01-16 00:00:00,0.0682502194
2015-01-17 00:00:00,0.0682502194
2015-01-18 00:00:00,0.0682502194
2015-01-19 00:00:00,0.0684297423
2015-01-20 00:00:00,0.0683901529
2015-01-21 00:00:00,0.0684554564
2015-01-22 00:00:00,0.068085256
2015-01-23 00:00:00,0.0679280077
2015-01-24 00:00:00,0.0679280077
2015-01-25 00:00:00,0.0679280077
2015-01-26 00:00:00,0.0682733118
2015-01-27 00:00:00,0.0684461288
2015-01-28 00:00:00,0.0683575272
2015-01-29 00:00:00,0.0674628254
2015-01-30 00:00:00,0.06713900540000001
2015-01-31 00:00:00,0.06713900540000001
2015-02-01 00:00:00,0.06713900540000001
2015-02-02 00:00:00,0.0670015758
2015-02-03 00:00:00,0.0675402089
2015-02-04 00:00:00,0.0679558044
2015-02-05 00:00:00,0.0675699684
2015-02-06 00:00:00,0.06779671059999999
2015-02-07 00:00:00,0.06779671059999999
2015-02-08 00:00:00,0.06779671059999999
2015-02-09 00:00:00,0.0674854704
2015-02-10 00:00:00,0.06730614559999999
2015-02-11 00:00:00,0.0666890653
2015-02-12 00:00:00,0.0662975665
2015-02-13 00:00:00,0.0668102942
2015-02-14 00:00:00,0.0668102942
2015-02-15 00:00:00,0.0668102942
2015-02-16 00:00:00,0.0672609783
2015-02-17 00:00:00,0.0674127443
2015-02-18 00:00:00,0.06692443049999999
2015-02-19 00:00:00,0.0669008913
2015-02-20 00:00:00,0.0666265657
2015-02-21 00:00:00,0.0666265657
2015-02-22 00:00:00,0.0666265657
2015-02-23 00:00:00,0.0661921083
2015-02-24 00:00:00,0.0661902619
2015-02-25 00:00:00,0.0669680801
2015-02-26 00:00:00,0.0671931127
2015-02-27 00:00:00,0.0666180663
2015-02-28 00:00:00,0.0666180663
2015-03-01 00:00:00,0.0666180663
2015-03-02 00:00:00,0.0669006531
2015-03-03 00:00:00,0.0664892509
2015-03-04 00:00:00,0.0664980901
2015-03-05 00:00:00,0.0664541383
2015-03-06 00:00:00,0.065863227
2015-03-07 00:00:00,0.065863227
2015-03-08 00:00:00,0.065863227
2015-03-09 00:00:00,0.0646078612
2015-03-10 00:00:00,0.0643583642
2015-03-11 00:00:00,0.064072977
2015-03-12 00:00:00,0.0650067377
2015-03-13 00:00:00,0.0645764234
2015-03-14 00:00:00,0.0645764234
2015-03-15 00:00:00,0.0645764234
2015-03-16 00:00:00,0.0646851219
2015-03-17 00:00:00,0.0648380725
2015-03-18 00:00:00,0.0649142913
2015-03-19 00:00:00,0.0654665187
2015-03-20 00:00:00,0.0662526898
2015-03-21 00:00:00,0.0662526898
2015-03-22 00:00:00,0.0662526898
2015-03-23 00:00:00,0.0667555762
2015-03-24 00:00:00,0.0669982929
2015-03-25 00:00:00,0.0671409624
2015-03-26 00:00:00,0.0668091376
2015-03-27 00:00:00,0.0660871259
2015-03-28 00:00:00,0.0660871259
2015-03-29 00:00:00,0.0660871259
2015-03-30 00:00:00,0.0655996516
2015-03-31 00:00:00,0.06515709410000001
2015-04-01 00:00:00,0.06564050610000001
2015-04-02 00:00:00,0.066171349
2015-04-03 00:00:00,0.066171349
2015-04-04 00:00:00,0.066171349
2015-04-05 00:00:00,0.066171349
2015-04-06 00:00:00,0.066171349
2015-04-07 00:00:00,0.06699028530000001
2015-04-08 00:00:00,0.0673061432
2015-04-09 00:00:00,0.0671072383
2015-04-10 00:00:00,0.0658620324
2015-04-11 00:00:00,0.0658620324
2015-04-12 00:00:00,0.0658620324
2015-04-13 00:00:00,0.06537875309999999
2015-04-14 00:00:00,0.0651041827
2015-04-15 00:00:00,0.06525292519999999
2015-04-16 00:00:00,0.0656814349
2015-04-17 00:00:00,0.0658567035
2015-04-18 00:00:00,0.0658567035
2015-04-19 00:00:00,0.0658567035
2015-04-20 00:00:00,0.06511060240000001
2015-04-21 00:00:00,0.0648276614
2015-04-22 00:00:00,0.0648234748
2015-04-23 00:00:00,0.06484859429999999
2015-04-24 00:00:00,0.0651126417
2015-04-25 00:00:00,0.0651126417
2015-04-26 00:00:00,0.0651126417
2015-04-27 00:00:00,0.0649614925
2015-04-28 00:00:00,0.065304049
2015-04-29 00:00:00,0.0654020604
2015-04-30 00:00:00,0.0656254754
2015-05-01 00:00:00,0.0656254754
2015-05-02 00:00:00,0.0656254754
2015-05-03 00:00:00,0.0656254754
2015-05-04 00:00:00,0.0643460098
2015-05-05 00:00:00,0.0647647566
2015-05-06 00:00:00,0.0652739997
2015-05-07 00:00:00,0.0652103691
2015-05-08 00:00:00,0.0653276279
2015-05-09 00:00:00,0.0653276279
2015-05-10 00:00:00,0.0653276279
2015-05-11 00:00:00,0.0659001384
2015-05-12 00:00:00,0.0648846809
2015-05-13 00:00:00,0.0654354393
2015-05-14 00:00:00,0.0656921289
2015-05-15 00:00:00,0.06550968360000001
2015-05-16 00:00:00,0.06550968360000001
2015-05-17 00:00:00,0.06550968360000001
2015-05-18 00:00:00,0.066529196
2015-05-19 00:00:00,0.0660994803
2015-05-20 00:00:00,0.0658977216
2015-05-21 00:00:00,0.06587612940000001
2015-05-22 00:00:00,0.065651279
2015-05-23 00:00:00,0.065651279
2015-05-24 00:00:00,0.065651279
2015-05-25 00:00:00,0.06547697150000001
2015-05-26 00:00:00,0.0653871703
2015-05-27 00:00:00,0.0652236566
2015-05-28 00:00:00,0.0652146589
2015-05-29 00:00:00,0.0651297549
2015-05-30 00:00:00,0.0651297549
2015-05-31 00:00:00,0.0651297549
2015-06-01 00:00:00,0.0648444953
2015-06-02 00:00:00,0.0647332958
2015-06-03 00:00:00,0.0646100995
2015-06-04 00:00:00,0.0643698951
2015-06-05 00:00:00,0.0643045898
2015-06-06 00:00:00,0.0643045898
2015-06-07 00:00:00,0.0643045898
2015-06-08 00:00:00,0.0637835861
2015-06-09 00:00:00,0.0641158634
2015-06-10 00:00:00,0.0647143537
2015-06-11 00:00:00,0.0644953833
2015-06-12 00:00:00,0.0648086643
2015-06-13 00:00:00,0.0648086643
2015-06-14 00:00:00,0.0648086643
2015-06-15 00:00:00,0.0647417659
2015-06-16 00:00:00,0.064720717
2015-06-17 00:00:00,0.0648803806
2015-06-18 00:00:00,0.06581331730000001
2015-06-19 00:00:00,0.0652570663
2015-06-20 00:00:00,0.0652570663
2015-06-21 00:00:00,0.0652570663
2015-06-22 00:00:00,0.0652506499
2015-06-23 00:00:00,0.0650321562
2015-06-24 00:00:00,0.0650066671
2015-06-25 00:00:00,0.0645659401
2015-06-26 00:00:00,0.0642983831
2015-06-27 00:00:00,0.0642983831
2015-06-28 00:00:00,0.0642983831
2015-06-29 00:00:00,0.06399783860000001
2015-06-30 00:00:00,0.0638160746
2015-07-01 00:00:00,0.0636132316
2015-07-02 00:00:00,0.0632032258
2015-07-03 00:00:00,0.0636822773
2015-07-04 00:00:00,0.0636822773
2015-07-05 00:00:00,0.0636822773
2015-07-06 00:00:00,0.0630697216
2015-07-07 00:00:00,0.0631710954
2015-07-08 00:00:00,0.06319108080000001
2015-07-09 00:00:00,0.0634517912
2015-07-10 00:00:00,0.0636618211
2015-07-11 00:00:00,0.0636618211
2015-07-12 00:00:00,0.0636618211
2015-07-13 00:00:00,0.06347191190000001
2015-07-14 00:00:00,0.0637350066
2015-07-15 00:00:00,0.0638773166
2015-07-16 00:00:00,0.0631872125
2015-07-17 00:00:00,0.0632562841
2015-07-18 00:00:00,0.0632562841
2015-07-19 00:00:00,0.0632562841
2015-07-20 00:00:00,0.0628634984
2015-07-21 00:00:00,0.0625899944
2015-07-22 00:00:00,0.0622356185
2015-07-23 00:00:00,0.062198873499999995
2015-07-24 00:00:00,0.0614288281
2015-07-25 00:00:00,0.0614288281
2015-07-26 00:00:00,0.0614288281
2015-07-27 00:00:00,0.061244496100000004
2015-07-28 00:00:00,0.0616124868
2015-07-29 00:00:00,0.0613817858
2015-07-30 00:00:00,0.061044584000000006
2015-07-31 00:00:00,0.0617953153
2015-08-01 00:00:00,0.0617953153
2015-08-02 00:00:00,0.0617953153
2015-08-03 00:00:00,0.0619060809
2015-08-04 00:00:00,0.062071150199999994
2015-08-05 00:00:00,0.0613835698
2015-08-06 00:00:00,0.061033390300000004
2015-08-07 00:00:00,0.061404198
2015-08-08 00:00:00,0.061404198
2015-08-09 00:00:00,0.061404198
2015-08-10 00:00:00,0.0617037208
2015-08-11 00:00:00,0.0614702824
2015-08-12 00:00:00,0.0616656071
2015-08-13 00:00:00,0.0613817949
2015-08-14 00:00:00,0.060957110099999996
2015-08-15 00:00:00,0.060957110099999996
2015-08-16 00:00:00,0.060957110099999996
2015-08-17 00:00:00,0.060688900999999996
2015-08-18 00:00:00,0.06081601230000001
2015-08-19 00:00:00,0.0609051092
2015-08-20 00:00:00,0.0597372905
2015-08-21 00:00:00,0.0593824353
2015-08-22 00:00:00,0.0593824353
2015-08-23 00:00:00,0.0593824353
2015-08-24 00:00:00,0.0583974603
2015-08-25 00:00:00,0.0589015219
2015-08-26 00:00:00,0.058778649599999996
2015-08-27 00:00:00,0.0588981392
2015-08-28 00:00:00,0.059067748600000004
2015-08-29 00:00:00,0.059067748600000004
2015-08-30 00:00:00,0.059067748600000004
2015-08-31 00:00:00,0.0592978375
2015-09-01 00:00:00,0.0592944405
2015-09-02 00:00:00,0.0591751753
2015-09-03 00:00:00,0.0591594708
2015-09-04 00:00:00,0.0592995645
2015-09-05 00:00:00,0.0592995645
2015-09-06 00:00:00,0.0592995645
2015-09-07 00:00:00,0.0590088254
2015-09-08 00:00:00,0.059335413600000005
2015-09-09 00:00:00,0.0596003103
2015-09-10 00:00:00,0.059128899400000004
2015-09-11 00:00:00,0.0597068704
2015-09-12 00:00:00,0.0597068704
2015-09-13 00:00:00,0.0597068704
2015-09-14 00:00:00,0.0595805906
2015-09-15 00:00:00,0.0597497057
2015-09-16 00:00:00,0.0600816571
2015-09-17 00:00:00,0.0603319537
2015-09-18 00:00:00,0.0607532574
2015-09-19 00:00:00,0.0607532574
2015-09-20 00:00:00,0.0607532574
2015-09-21 00:00:00,0.060249997300000004
2015-09-22 00:00:00,0.059573400000000006
2015-09-23 00:00:00,0.059311981
2015-09-24 00:00:00,0.057925682400000005
2015-09-25 00:00:00,0.0597194775
2015-09-26 00:00:00,0.0597194775
2015-09-27 00:00:00,0.0597194775
2015-09-28 00:00:00,0.0585564805
2015-09-29 00:00:00,0.05891880519999999
2015-09-30 00:00:00,0.059035243
2015-10-01 00:00:00,0.059310271500000004
2015-10-02 00:00:00,0.0593279357
2015-10-03 00:00:00,0.0593279357
2015-10-04 00:00:00,0.0593279357
2015-10-05 00:00:00,0.0600383656
2015-10-06 00:00:00,0.059497368099999996
2015-10-07 00:00:00,0.060349907300000005
2015-10-08 00:00:00,0.0602046766
2015-10-09 00:00:00,0.0609971493
2015-10-10 00:00:00,0.0609971493
2015-10-11 00:00:00,0.0609971493
2015-10-12 00:00:00,0.0608826458
2015-10-13 00:00:00,0.060255452599999995
2015-10-14 00:00:00,0.060393697
2015-10-15 00:00:00,0.0609829563
2015-10-16 00:00:00,0.060701595
2015-10-17 00:00:00,0.060701595
2015-10-18 00:00:00,0.060701595
2015-10-19 00:00:00,0.0608124061
2015-10-20 00:00:00,0.060587818499999994
2015-10-21 00:00:00,0.0600600918
2015-10-22 00:00:00,0.060277169500000005
2015-10-23 00:00:00,0.060892065499999995
2015-10-24 00:00:00,0.060892065499999995
2015-10-25 00:00:00,0.060892065499999995
2015-10-26 00:00:00,0.06053625519999999
2015-10-27 00:00:00,0.060277272199999996
2015-10-28 00:00:00,0.0605545783
2015-10-29 00:00:00,0.0600744197
2015-10-30 00:00:00,0.060368115599999994
2015-10-31 00:00:00,0.060368115599999994
2015-11-01 00:00:00,0.060368115599999994
2015-11-02 00:00:00,0.0605784384
2015-11-03 00:00:00,0.0606613279
2015-11-04 00:00:00,0.061022226900000004
2015-11-05 00:00:00,0.060470517599999996
2015-11-06 00:00:00,0.060047312699999994
2015-11-07 00:00:00,0.060047312699999994
2015-11-08 00:00:00,0.060047312699999994
2015-11-09 00:00:00,0.0592925175
2015-11-10 00:00:00,0.0595753912
2015-11-11 00:00:00,0.0598622431
2015-11-12 00:00:00,0.0595875647
2015-11-13 00:00:00,0.059594729299999996
2015-11-14 00:00:00,0.059594729299999996
2015-11-15 00:00:00,0.059594729299999996
2015-11-16 00:00:00,0.0597528085
2015-11-17 00:00:00,0.0596489267
2015-11-18 00:00:00,0.0596842877
2015-11-19 00:00:00,0.0599699224
2015-11-20 00:00:00,0.060288128499999996
2015-11-21 00:00:00,0.060288128499999996
2015-11-22 00:00:00,0.060288128499999996
2015-11-23 00:00:00,0.060293784
2015-11-24 00:00:00,0.0604686019
2015-11-25 00:00:00,0.060420995
2015-11-26 00:00:00,0.0604596575
2015-11-27 00:00:00,0.0604229607
2015-11-28 00:00:00,0.0604229607
2015-11-29 00:00:00,0.0604229607
2015-11-30 00:00:00,0.0602555121
2015-12-01 00:00:00,0.0605437514
2015-12-02 00:00:00,0.0605179267
2015-12-03 00:00:00,0.06040485
2015-12-04 00:00:00,0.0597373136
2015-12-05 00:00:00,0.0597373136
2015-12-06 00:00:00,0.0597373136
2015-12-07 00:00:00,0.0596427724
2015-12-08 00:00:00,0.058626917199999996
2015-12-09 00:00:00,0.058913484800000006
2015-12-10 00:00:00,0.058603017199999996
2015-12-11 00:00:00,0.0576355224
2015-12-12 00:00:00,0.0576355224
2015-12-13 00:00:00,0.0576355224
2015-12-14 00:00:00,0.0574382629
2015-12-15 00:00:00,0.0579491587
2015-12-16 00:00:00,0.0583940436
2015-12-17 00:00:00,0.0590310865
2015-12-18 00:00:00,0.058754317400000006
2015-12-19 00:00:00,0.058754317400000006
2015-12-20 00:00:00,0.058754317400000006
2015-12-21 00:00:00,0.058419816500000006
2015-12-22 00:00:00,0.0584402764
2015-12-23 00:00:00,0.0581529151
2015-12-24 00:00:00,0.0578872502
2015-12-25 00:00:00,0.0578872502
2015-12-26 00:00:00,0.0578872502
2015-12-27 00:00:00,0.0578872502
2015-12-28 00:00:00,0.0578937084
2015-12-29 00:00:00,0.05812268809999999
2015-12-30 00:00:00,0.057850233200000004
2015-12-31 00:00:00,0.0575590156
2016-01-01 00:00:00,0.0575590156
2016-01-02 00:00:00,0.0575590156
2016-01-03 00:00:00,0.0575590156
2016-01-04 00:00:00,0.0575538808
2016-01-05 00:00:00,0.0578370058
2016-01-06 00:00:00,0.057296778300000004
2016-01-07 00:00:00,0.056552327
2016-01-08 00:00:00,0.05620733730000001
2016-01-09 00:00:00,0.05620733730000001
2016-01-10 00:00:00,0.05620733730000001
2016-01-11 00:00:00,0.056071108499999994
2016-01-12 00:00:00,0.056211483
2016-01-13 00:00:00,0.0561056962
2016-01-14 00:00:00,0.055710406100000005
2016-01-15 00:00:00,0.0551557541
2016-01-16 00:00:00,0.0551557541
2016-01-17 00:00:00,0.0551557541
2016-01-18 00:00:00,0.0548154784
2016-01-19 00:00:00,0.0551921671
2016-01-20 00:00:00,0.0544188158
2016-01-21 00:00:00,0.0538937265
2016-01-22 00:00:00,0.0539968026
2016-01-23 00:00:00,0.0539968026
2016-01-24 00:00:00,0.0539968026
2016-01-25 00:00:00,0.0540831125
2016-01-26 00:00:00,0.0538460392
2016-01-27 00:00:00,0.054429114199999996
2016-01-28 00:00:00,0.0545242691
2016-01-29 00:00:00,0.054585262
2016-01-30 00:00:00,0.054585262
2016-01-31 00:00:00,0.054585262
2016-02-01 00:00:00,0.0547454618
2016-02-02 00:00:00,0.0545227573
2016-02-03 00:00:00,0.0543665278
2016-02-04 00:00:00,0.0551745191
2016-02-05 00:00:00,0.054914995
2016-02-06 00:00:00,0.054914995
2016-02-07 00:00:00,0.054914995
2016-02-08 00:00:00,0.0535904801
2016-02-09 00:00:00,0.053019507199999996
2016-02-10 00:00:00,0.053438847000000005
2016-02-11 00:00:00,0.052516846900000004
2016-02-12 00:00:00,0.0519939867
2016-02-13 00:00:00,0.0519939867
2016-02-14 00:00:00,0.0519939867
2016-02-15 00:00:00,0.0530083922
2016-02-16 00:00:00,0.053055968700000004
2016-02-17 00:00:00,0.0533703961
2016-02-18 00:00:00,0.054841423
2016-02-19 00:00:00,0.054679761699999996
2016-02-20 00:00:00,0.054679761699999996
2016-02-21 00:00:00,0.054679761699999996
2016-02-22 00:00:00,0.0553097567
2016-02-23 00:00:00,0.0552936565
2016-02-24 00:00:00,0.0546821702
2016-02-25 00:00:00,0.05513196769999999
2016-02-26 00:00:00,0.0552418525
2016-02-27 00:00:00,0.0552418525
2016-02-28 00:00:00,0.0552418525
2016-02-29 00:00:00,0.0549885104
2016-03-01 00:00:00,0.0555056363
2016-03-02 00:00:00,0.055897103200000006
2016-03-03 00:00:00,0.055867611
2016-03-04 00:00:00,0.056080117400000004
2016-03-05 00:00:00,0.056080117400000004
2016-03-06 00:00:00,0.056080117400000004
2016-03-07 00:00:00,0.056090416500000004
2016-03-08 00:00:00,0.05614013650000001
2016-03-09 00:00:00,0.056124719299999994
2016-03-10 00:00:00,0.056597872
2016-03-11 00:00:00,0.0563367403
2016-03-12 00:00:00,0.0563367403
2016-03-13 00:00:00,0.0563367403
2016-03-14 00:00:00,0.056256577300000006
2016-03-15 00:00:00,0.055972066900000006
2016-03-16 00:00:00,0.0557394393
2016-03-17 00:00:00,0.0570735129
2016-03-18 00:00:00,0.0579352075
2016-03-19 00:00:00,0.0579352075
2016-03-20 00:00:00,0.0579352075
2016-03-21 00:00:00,0.057529757699999996
2016-03-22 00:00:00,0.0572976288
2016-03-23 00:00:00,0.0573042238
2016-03-24 00:00:00,0.0565974548
2016-03-25 00:00:00,0.0565974548
2016-03-26 00:00:00,0.0565974548
2016-03-27 00:00:00,0.0565974548
2016-03-28 00:00:00,0.0565974548
2016-03-29 00:00:00,0.0571679545
2016-03-30 00:00:00,0.057988232300000005
2016-03-31 00:00:00,0.0581154959
2016-04-01 00:00:00,0.0574483909
2016-04-02 00:00:00,0.0574483909
2016-04-03 00:00:00,0.0574483909
2016-04-04 00:00:00,0.0577000106
2016-04-05 00:00:00,0.0568455164
2016-04-06 00:00:00,0.0562622528
2016-04-07 00:00:00,0.0563190421
2016-04-08 00:00:00,0.0562224157
2016-04-09 00:00:00,0.0562224157
2016-04-10 00:00:00,0.0562224157
2016-04-11 00:00:00,0.0564073612
2016-04-12 00:00:00,0.05690943230000001
2016-04-13 00:00:00,0.0569921004
2016-04-14 00:00:00,0.057216953499999994
2016-04-15 00:00:00,0.0570109182
2016-04-16 00:00:00,0.0570109182
2016-04-17 00:00:00,0.0570109182
2016-04-18 00:00:00,0.0568017966
2016-04-19 00:00:00,0.0578881024
2016-04-20 00:00:00,0.057743834400000006
2016-04-21 00:00:00,0.05786518
2016-04-22 00:00:00,0.0572240033
2016-04-23 00:00:00,0.0572240033
2016-04-24 00:00:00,0.0572240033
2016-04-25 00:00:00,0.056878547300000006
2016-04-26 00:00:00,0.0570370258
2016-04-27 00:00:00,0.0574988045
2016-04-28 00:00:00,0.0577389395
2016-04-29 00:00:00,0.0583064887
2016-04-30 00:00:00,0.0583064887
2016-05-01 00:00:00,0.0583064887
2016-05-02 00:00:00,0.058391675899999995
2016-05-03 00:00:00,0.0574257917
2016-05-04 00:00:00,0.0562390931
2016-05-05 00:00:00,0.056585293499999995
2016-05-06 00:00:00,0.0556912055
2016-05-07 00:00:00,0.0556912055
2016-05-08 00:00:00,0.0556912055
2016-05-09 00:00:00,0.055770360199999994
2016-05-10 00:00:00,0.0551568637
2016-05-11 00:00:00,0.055568814400000006
2016-05-12 00:00:00,0.055860469
2016-05-13 00:00:00,0.0554017702
2016-05-14 00:00:00,0.0554017702
2016-05-15 00:00:00,0.0554017702
2016-05-16 00:00:00,0.05492394849999999
2016-05-17 00:00:00,0.0546037872
2016-05-18 00:00:00,0.0542564808
2016-05-19 00:00:00,0.0541495993
2016-05-20 00:00:00,0.054318513
2016-05-21 00:00:00,0.054318513
2016-05-22 00:00:00,0.054318513
2016-05-23 00:00:00,0.0544361983
2016-05-24 00:00:00,0.054252569800000004
2016-05-25 00:00:00,0.0543648974
2016-05-26 00:00:00,0.054441135
2016-05-27 00:00:00,0.0540532692
2016-05-28 00:00:00,0.0540532692
2016-05-29 00:00:00,0.0540532692
2016-05-30 00:00:00,0.0541335187
2016-05-31 00:00:00,0.0543606989
2016-06-01 00:00:00,0.054103258099999996
2016-06-02 00:00:00,0.0538456726
2016-06-03 00:00:00,0.0534187727
2016-06-04 00:00:00,0.0534187727
2016-06-05 00:00:00,0.0534187727
2016-06-06 00:00:00,0.0538822368
2016-06-07 00:00:00,0.053855499400000006
2016-06-08 00:00:00,0.0550140219
2016-06-09 00:00:00,0.0548591161
2016-06-10 00:00:00,0.054337533
2016-06-11 00:00:00,0.054337533
2016-06-12 00:00:00,0.054337533
2016-06-13 00:00:00,0.053485987699999994
2016-06-14 00:00:00,0.0526570094
2016-06-15 00:00:00,0.052973447199999996
2016-06-16 00:00:00,0.052746111500000005
2016-06-17 00:00:00,0.0529672285
2016-06-18 00:00:00,0.0529672285
2016-06-19 00:00:00,0.0529672285
2016-06-20 00:00:00,0.053733155
2016-06-21 00:00:00,0.0538666997
2016-06-22 00:00:00,0.0537162934
2016-06-23 00:00:00,0.0546746358
2016-06-24 00:00:00,0.052995292400000005
2016-06-25 00:00:00,0.052995292400000005
2016-06-26 00:00:00,0.052995292400000005
2016-06-27 00:00:00,0.052460361399999995
2016-06-28 00:00:00,0.052772045499999996
2016-06-29 00:00:00,0.053489348
2016-06-30 00:00:00,0.0538025753
2016-07-01 00:00:00,0.0551745667
2016-07-02 00:00:00,0.0551745667
2016-07-03 00:00:00,0.0551745667
2016-07-04 00:00:00,0.0545336147
2016-07-05 00:00:00,0.0535687681
2016-07-06 00:00:00,0.052955641500000004
2016-07-07 00:00:00,0.0534558121
2016-07-08 00:00:00,0.0532324145
2016-07-09 00:00:00,0.0532324145
2016-07-10 00:00:00,0.0532324145
2016-07-11 00:00:00,0.0542202375
2016-07-12 00:00:00,0.0546762164
2016-07-13 00:00:00,0.0545956607
2016-07-14 00:00:00,0.054819626399999995
2016-07-15 00:00:00,0.0544377425
2016-07-16 00:00:00,0.0544377425
2016-07-17 00:00:00,0.0544377425
2016-07-18 00:00:00,0.0540891029
2016-07-19 00:00:00,0.0541712075
2016-07-20 00:00:00,0.0540693136
2016-07-21 00:00:00,0.0536197597
2016-07-22 00:00:00,0.053749640099999996
2016-07-23 00:00:00,0.053749640099999996
2016-07-24 00:00:00,0.053749640099999996
2016-07-25 00:00:00,0.0538177684
2016-07-26 00:00:00,0.053193959400000004
2016-07-27 00:00:00,0.0531310123
2016-07-28 00:00:00,0.05313440269999999
2016-07-29 00:00:00,0.052846572300000005
2016-07-30 00:00:00,0.052846572300000005
2016-07-31 00:00:00,0.052846572300000005
2016-08-01 00:00:00,0.0533381747
2016-08-02 00:00:00,0.0530348259
2016-08-03 00:00:00,0.0528808246
2016-08-04 00:00:00,0.0531059544
2016-08-05 00:00:00,0.0530525675
2016-08-06 00:00:00,0.0530525675
2016-08-07 00:00:00,0.0530525675
2016-08-08 00:00:00,0.0537048968
2016-08-09 00:00:00,0.0540350706
2016-08-10 00:00:00,0.0545781951
2016-08-11 00:00:00,0.0542653763
2016-08-12 00:00:00,0.0547280031
2016-08-13 00:00:00,0.0547280031
2016-08-14 00:00:00,0.0547280031
2016-08-15 00:00:00,0.0551352738
2016-08-16 00:00:00,0.055699386
2016-08-17 00:00:00,0.055091411900000005
2016-08-18 00:00:00,0.0550793033
2016-08-19 00:00:00,0.0545718237
2016-08-20 00:00:00,0.0545718237
2016-08-21 00:00:00,0.0545718237
2016-08-22 00:00:00,0.0546444918
2016-08-23 00:00:00,0.0548180306
2016-08-24 00:00:00,0.0539280672
2016-08-25 00:00:00,0.0541785637
2016-08-26 00:00:00,0.0544892059
2016-08-27 00:00:00,0.0544892059
2016-08-28 00:00:00,0.0544892059
2016-08-29 00:00:00,0.053794252599999995
2016-08-30 00:00:00,0.0538107949
2016-08-31 00:00:00,0.053155321299999995
2016-09-01 00:00:00,0.0531901694
2016-09-02 00:00:00,0.053263223
2016-09-03 00:00:00,0.053263223
2016-09-04 00:00:00,0.053263223
2016-09-05 00:00:00,0.0540276143
2016-09-06 00:00:00,0.0539859314
2016-09-07 00:00:00,0.0544895574
2016-09-08 00:00:00,0.054531849699999996
2016-09-09 00:00:00,0.053183807
2016-09-10 00:00:00,0.053183807
2016-09-11 00:00:00,0.053183807
2016-09-12 00:00:00,0.052361295700000005
2016-09-13 00:00:00,0.0526052385
2016-09-14 00:00:00,0.0522243534
2016-09-15 00:00:00,0.0519964147
2016-09-16 00:00:00,0.0515746675
2016-09-17 00:00:00,0.0515746675
2016-09-18 00:00:00,0.0515746675
2016-09-19 00:00:00,0.0510173774
2016-09-20 00:00:00,0.0509173685
2016-09-21 00:00:00,0.0506668484
2016-09-22 00:00:00,0.050963675099999994
2016-09-23 00:00:00,0.05095280940000001
2016-09-24 00:00:00,0.05095280940000001
2016-09-25 00:00:00,0.05095280940000001
2016-09-26 00:00:00,0.0503669516
2016-09-27 00:00:00,0.0511744584
2016-09-28 00:00:00,0.051449052800000006
2016-09-29 00:00:00,0.0514831043
2016-09-30 00:00:00,0.0513411442
2016-10-01 00:00:00,0.0513411442
2016-10-02 00:00:00,0.0513411442
2016-10-03 00:00:00,0.0519824196
2016-10-04 00:00:00,0.051711756
2016-10-05 00:00:00,0.0518717988
2016-10-06 00:00:00,0.0518544274
2016-10-07 00:00:00,0.051669279500000005
2016-10-08 00:00:00,0.051669279500000005
2016-10-09 00:00:00,0.051669279500000005
2016-10-10 00:00:00,0.052793914500000004
2016-10-11 00:00:00,0.052987259
2016-10-12 00:00:00,0.0528374983
2016-10-13 00:00:00,0.0526793044
2016-10-14 00:00:00,0.0527805496
2016-10-15 00:00:00,0.0527805496
2016-10-16 00:00:00,0.0527805496
2016-10-17 00:00:00,0.052805248799999996
2016-10-18 00:00:00,0.0534385284
2016-10-19 00:00:00,0.05359531360000001
2016-10-20 00:00:00,0.0538737059
2016-10-21 00:00:00,0.053605810700000006
2016-10-22 00:00:00,0.053605810700000006
2016-10-23 00:00:00,0.053605810700000006
2016-10-24 00:00:00,0.0538457355
2016-10-25 00:00:00,0.0540830946
2016-10-26 00:00:00,0.053693947
2016-10-27 00:00:00,0.0534037759
2016-10-28 00:00:00,0.0531290283
2016-10-29 00:00:00,0.0531290283
2016-10-30 00:00:00,0.0531290283
2016-10-31 00:00:00,0.052840936500000005
2016-11-01 00:00:00,0.0529589778
2016-11-02 00:00:00,0.051616655
2016-11-03 00:00:00,0.051839982
2016-11-04 00:00:00,0.0522552229
2016-11-05 00:00:00,0.0522552229
2016-11-06 00:00:00,0.0522552229
2016-11-07 00:00:00,0.053597817699999994
2016-11-08 00:00:00,0.053872809800000004
2016-11-09 00:00:00,0.0504388574
2016-11-10 00:00:00,0.0494398032
2016-11-11 00:00:00,0.04802212610000001
2016-11-12 00:00:00,0.04802212610000001
2016-11-13 00:00:00,0.04802212610000001
2016-11-14 00:00:00,0.0478926692
2016-11-15 00:00:00,0.0488589739
2016-11-16 00:00:00,0.0488517421
2016-11-17 00:00:00,0.0492726571
2016-11-18 00:00:00,0.048988791
2016-11-19 00:00:00,0.048988791
2016-11-20 00:00:00,0.048988791
2016-11-21 00:00:00,0.0488195774
2016-11-22 00:00:00,0.0491880748
2016-11-23 00:00:00,0.04855729599999999
2016-11-24 00:00:00,0.0481973955
2016-11-25 00:00:00,0.048425663
2016-11-26 00:00:00,0.048425663
2016-11-27 00:00:00,0.048425663
2016-11-28 00:00:00,0.0486647975
2016-11-29 00:00:00,0.0483461025
2016-11-30 00:00:00,0.0486115872
2016-12-01 00:00:00,0.0484494534
2016-12-02 00:00:00,0.048119444000000004
2016-12-02 11:23:07,0.048119444000000004
2016-12-03 00:00:00,0.048119444000000004
2016-12-04 00:00:00,0.048119444000000004
2016-12-05 00:00:00,0.0484575713
2016-12-06 00:00:00,0.0490786887
2016-12-07 00:00:00,0.0491989693
2016-12-08 00:00:00,0.0491606331
2016-12-09 00:00:00,0.0489238967
2016-12-10 00:00:00,0.0489238967
2016-12-11 00:00:00,0.0489238967
2016-12-12 00:00:00,0.0494050505
2016-12-13 00:00:00,0.0493975455
2016-12-14 00:00:00,0.0493540938
2016-12-15 00:00:00,0.0484154275
2016-12-16 00:00:00,0.0491182338
2016-12-17 00:00:00,0.0491182338
2016-12-18 00:00:00,0.0491182338
2016-12-19 00:00:00,0.048956929
2016-12-20 00:00:00,0.0490835899
2016-12-21 00:00:00,0.04891385980000001
2016-12-22 00:00:00,0.0483323846
2016-12-23 00:00:00,0.0483275503
2016-12-24 00:00:00,0.0483275503
2016-12-25 00:00:00,0.0483275503
2016-12-26 00:00:00,0.0483275503
2016-12-27 00:00:00,0.048503789299999996
2016-12-28 00:00:00,0.048219749699999995
2016-12-29 00:00:00,0.0483199201
2016-12-30 00:00:00,0.0484156183
2016-12-31 00:00:00,0.0484156183
